,Zone,State,City,Name,Type,Establishment Year,time needed to visit in hrs,Google review rating,Entrance Fee in INR,Airport with 50km Radius,Weekly Off,Significance,DSLR Allowed,Best Time to visit,,Description
0,Northern,Delhi,Delhi,India Gate,War Memorial,1921,0.5,4.6,0,Yes,None,Historical,Yes,Evening,,"An iconic war memorial in New Delhi honoring Indian soldiers, renowned for its majestic architecture and lively evening atmosphere."
1,Northern,Delhi,Delhi,Humayun's Tomb,Tomb,1572,2,4.5,30,Yes,None,Historical,Yes,Afternoon,,A UNESCO World Heritage Site showcasing magnificent Mughal architecture that inspired the design of the Taj Mahal.
2,Northern,Delhi,Delhi,Akshardham Temple,Temple,2005,5,4.6,60,Yes,None,Religious,No,Afternoon,,"A grand Hindu temple complex celebrated for its intricate carvings, cultural exhibitions, and mesmerizing musical fountain show."
3,Northern,Delhi,Delhi,Waste to Wonder Park,Theme Park,2019,2,4.1,50,Yes,Monday,Environmental,Yes,Evening,,A unique eco-park featuring replicas of world-famous monuments crafted entirely from recycled industrial and household waste.
4,Northern,Delhi,Delhi,Jantar Mantar,Observatory,1724,2,4.2,15,Yes,None,Scientific,Yes,Morning,,An 18th-century astronomical observatory with massive instruments used to measure time and observe celestial movements.
5,Northern,Delhi,Delhi,Chandni Chowk,Market,1700,3,4.2,0,Yes,Sunday,Market,Yes,Afternoon,,"One of Delhi's oldest markets, famous for its bustling streets, heritage buildings, and authentic street food."
6,Northern,Delhi,Delhi,Lotus Temple,Temple,1986,1,4.5,0,Yes,Monday,Religious,Yes,Evening,,A striking lotus-shaped Bah·?Ì House of Worship known for its serene ambiance and architectural brilliance.
7,Northern,Delhi,Delhi,Red Fort,Fort,1648,2,4.5,35,Yes,None,Historical,Yes,Afternoon,,A majestic Mughal fort and UNESCO World Heritage Site that symbolizes India's rich history and independence.
8,Northern,Delhi,Delhi,Agrasen ki Baoli,Stepwell,1400,1,4.2,0,Yes,None,Historical,Yes,Afternoon,,A historic stepwell in central Delhi admired for its ancient architecture and peaceful surroundings.
9,Northern,Delhi,Delhi,Sunder Nursery,Park,1600,2,4.6,0,Yes,None,Botanical,Yes,Afternoon,,"A beautifully restored heritage park blending Mughal monuments, landscaped gardens, and vibrant biodiversity."
10,Northern,Delhi,Delhi,Garden of Five Senses,Park,2003,2,4.1,35,Yes,None,Botanical,Yes,Morning,,"A themed garden offering artistic landscapes, sculptures, fountains, and sensory experiences amidst lush greenery."
11,Northern,Delhi,Delhi,Lodhi Garden,Park,1500,1,4.5,0,Yes,None,Botanical,Yes,All,,"A scenic urban park featuring historic tombs, jogging trails, and beautifully maintained gardens."
12,Northern,Delhi,Delhi,National Gallery of Modern Art,Museum,1954,3,4.5,20,Yes,Monday,Artistic,Yes,All,,India's premier museum displaying an extensive collection of modern and contemporary Indian artworks.
13,Northern,Delhi,Delhi,National Zoological Park ,Zoo,1959,3,4.1,80,Yes,Friday,Environmental,Yes,All,,A popular zoo housing diverse wildlife species in spacious naturalistic enclosures near Purana Qila.
14,Northern,Delhi,Delhi,Qutub Minar,Monument,1192,1,4.5,35,Yes,None,Historical,Yes,Afternoon,,The world's tallest brick minaret and a UNESCO World Heritage Site representing early Indo-Islamic architecture.
15,Northern,Delhi,Delhi,National Science Centre,Science,1992,5,4.4,70,Yes,None,Scientific,Yes,All,,"An interactive science museum offering engaging exhibits, demonstrations, and educational experiences for all ages."
16,Western,Maharastra,Mumbai,Marine Drive,Promenade,Unknown,2,4.5,0,Yes,None,Scenic,Yes,Evening,,"Mumbai's iconic seaside promenade, famous for stunning sunsets and its glittering ""Queen's Necklace"" skyline."
17,Western,Maharastra,Mumbai,Gateway of India,Monument,1924,1,4.6,0,Yes,None,Historical,Yes,All,,"A historic waterfront monument built during British rule, serving as one of Mumbai's most recognizable landmarks."
18,Western,Maharastra,Mumbai,Chhatrapati Shivaji Maharaj Vastu Sangrahalaya,Museum,1922,1,4.6,500,Yes,None,Historical,Yes,All,,"A renowned museum showcasing priceless collections of art, archaeology, and natural history from India and beyond."
19,Western,Maharastra,Mumbai,Sanjay Gandhi National Park,National Park,1996,3,4.3,50,Yes,Monday,Wildlife,Yes,All,,"A vast urban national park offering wildlife, trekking trails, and the historic Kanheri Caves."
20,Western,Maharastra,Mumbai,Siddhivinayak Temple,Temple,1881,2,4.8,0,Yes,None,Religious,No,All,,"One of Mumbai's most revered temples dedicated to Lord Ganesha, attracting millions of devotees annually."
21,Western,Maharastra,Mumbai,Mahalaxmi Temple,Temple,1831,1,4.7,0,Yes,None,Religious,No,All,,"A famous temple dedicated to Goddess Lakshmi, offering spiritual significance and panoramic Arabian Sea views."
22,Western,Maharastra,Mumbai,Haji Ali Dargah,Religious Shrine,1431,2,4.4,0,Yes,None,Religious,No,All,,"An iconic mosque and dargah located on an islet, accessible via a picturesque causeway during low tide."
23,Western,Maharastra,Mumbai,Chowpatty Beach,Beach,Unknown,2,4.3,0,Yes,None,Recreational,Yes,Evening,,"A lively beach known for vibrant sunsets, local street food, and festive celebrations throughout the year."
24,Western,Maharastra,Mumbai,Essel World,Amusement Park,1986,5,4.3,1149,Yes,None,Recreational,Yes,All,,"A legendary amusement park featuring thrilling rides, family attractions, and entertaining experiences for all ages."
25,Western,Maharastra,Mumbai,Elephanta Caves,Monument,1987,4,4.3,550,Yes,None,Historical,Yes,All ,,UNESCO-listed rock-cut caves featuring magnificent sculptures dedicated to Lord Shiva on Elephanta Island.
26,Western,Maharastra,Lonavala,Imagicaa,Amusement Park,2013,5,1.4,1149,No,Monday,Recreational,Yes,All,,"A world-class theme park offering thrilling rides, live entertainment, water attractions, and luxury accommodations."
27,Southern,Karnataka,Bangalore,Bangalore Palace,Palace,1878,2,4.2,500,Yes,Monday,Historical,Yes,Morning,,"A magnificent royal palace inspired by Tudor architecture, showcasing elegant interiors and regal heritage."
28,Southern,Karnataka,Bangalore,Lalbagh Botanical Garden,Botanical Garden,1760,1.5,4.4,20,Yes,None,Nature,Yes,Evening,,"A historic botanical garden famous for exotic plant species, glasshouse exhibitions, and seasonal flower shows."
29,Southern,Karnataka,Bangalore,Cubbon Park,Park,1870,1,4.4,0,Yes,None,Nature,Yes,Morning,,"A sprawling green oasis in Bengaluru offering walking trails, heritage structures, and peaceful recreational spaces."
30,Southern,Karnataka,Bangalore,Vidhana Soudha,Government Building,1956,0.5,4.6,0,Yes,None,Architectural,No,Morning,,Karnataka's grand legislative building admired for its impressive Neo-Dravidian architecture and illuminated evenings.
31,Southern,Karnataka,Bangalore,ISKCON Temple Bangalore,Temple,1997,1,4.6,0,Yes,None,Religious,Yes,Evening,,"A magnificent spiritual complex dedicated to Lord Krishna, blending traditional architecture with modern facilities."
32,Southern,Telangana,Hyderabad,Charminar,Landmark,1591,1,4.5,25,Yes,Friday,Historical,Yes,Morning,,"Hyderabad's iconic four-minaret monument, surrounded by vibrant bazaars and centuries of cultural heritage."
33,Southern,Telangana,Hyderabad,Golconda Fort,Fort,1600,2,4.4,30,Yes,None,Historical,Yes,Morning,,"A historic hilltop fortress renowned for its engineering marvels, acoustics, and panoramic city views."
34,Southern,Telangana,Hyderabad,Hussain Sagar Lake,Lake,1563,1,4.3,0,Yes,None,Scenic,Yes,Evening,,A picturesque artificial lake featuring the iconic Buddha statue and popular boating experiences.
35,Southern,Telangana,Hyderabad,Ramoji Film City,Film Studio,1996,4,4.4,1150,Yes,None,Entertainment,Yes,All,,"One of the world's largest film studio complexes offering movie sets, entertainment shows, and themed attractions."
36,Southern,Telangana,Hyderabad,Salar Jung Museum,Museum,1951,2,4.4,20,Yes,None,Historical,Yes,All,,"A world-famous museum housing an extraordinary collection of art, antiques, manuscripts, and rare artifacts."
37,Southern,Telangana,Hyderabad,Qutb Shahi Tombs,Tombs,1600,1,4.4,25,Yes,None,Historical,Yes,Morning,,"A stunning complex of royal mausoleums showcasing Persian, Indian, and Pathan architectural styles."
38,Southern,Telangana,Hyderabad,Birla Mandir,Temple,1976,1,4.7,0,Yes,None,Religious,No,All,,A magnificent white marble temple offering serene surroundings and panoramic views of Hyderabad.
39,Southern,Telangana,Hyderabad,Chowmahalla Palace,Palace,1800,1.5,4.4,80,Yes,None,Historical,Yes,Morning,,A splendid royal palace reflecting the grandeur and lifestyle of the Nizams of Hyderabad.
40,Southern,Telangana,Hyderabad,Nehru Zoological Park,Zoo,1963,3,4.2,50,Yes,None,Wildlife,Yes,Morning,,"A spacious zoological park featuring diverse wildlife, safari experiences, and family-friendly attractions."
41,Southern,Telangana,Hyderabad,Lumbini Park,Park,1994,1,4.1,20,Yes,None,Recreational,Yes,Evening,,A lakeside urban park known for its musical fountain shows and scenic boat rides.
42,Eastern,West Bengal,Kolkata,Victoria Memorial,Museum,1921,1.5,4.6,30,Yes,Monday,Historical,Yes,Morning,,A magnificent marble monument and museum celebrating Kolkata's colonial heritage and artistic legacy.
43,Eastern,West Bengal,Kolkata,Howrah Bridge,Bridge,1943,0.5,4.6,0,Yes,None,Architectural,No,Anytime,,"An engineering marvel spanning the Hooghly River, serving as one of Kolkata's most iconic landmarks."
44,Eastern,West Bengal,Kolkata,Indian Museum,Museum,1814,2,4.6,50,Yes,Monday,Historical,Yes,Morning,,"India's oldest and largest museum featuring remarkable collections of archaeology, art, fossils, and natural history."
45,Eastern,West Bengal,Kolkata,Dakshineswar Kali Temple,Temple,1855,1,4.7,0,Yes,None,Religious,Yes,Morning,,"A revered riverside temple dedicated to Goddess Kali, associated with the saint Ramakrishna Paramahamsa."
46,Eastern,West Bengal,Kolkata,Kalighat Kali Temple,Temple,1809,1,4.4,0,Yes,None,Religious,Yes,Morning,,"One of India's most sacred Shakti Peethas, attracting devotees seeking blessings from Goddess Kali."
47,Eastern,West Bengal,Kolkata,Eden Gardens,Cricket Ground,1864,3,4.1,2500,Yes,None,Sports,Yes,All,,"One of the world's most iconic cricket stadiums, renowned for its electrifying sporting atmosphere."
48,Eastern,West Bengal,Kolkata,Alipore Zoological Gardens,Zoo,1876,2,4.3,25,Yes,None,Wildlife,Yes,Afternoon,,"India's oldest officially recognized zoo, home to diverse animal species and conservation programs."
49,Eastern,West Bengal,Kolkata,Science City Kolkata,Science,1997,3,4.4,60,Yes,None,Educational,Yes,All,,"An interactive science center featuring engaging exhibits, space galleries, and educational entertainment for visitors."
50,Eastern,West Bengal,Kolkata,Belur Math,Site,1898,1.5,4.7,0,Yes,None,Religious,Yes,Morning,,"The serene headquarters of the Ramakrishna Mission, celebrated for its unique blend of architectural styles."
51,Eastern,West Bengal,Kolkata,Marble Palace,Palace,1835,1,4.4,0,Yes,None,Historical,Yes,Afternoon,,"A 19th-century mansion showcasing exquisite marble architecture, antique collections, and European artworks."
52,Southern,Goa,Goa,Calangute Beach,Beach,Unknown,2,4.4,0,Yes,None,Scenic,Yes,Evening,,"Goa's largest and most vibrant beach, famous for water sports, nightlife, and golden sands."
53,Southern,Goa,Goa,Basilica of Bom Jesus,Church,1605,1,4.5,0,Yes,None,Historical,Yes,Afternoon,,A UNESCO World Heritage church housing the sacred relics of St. Francis Xavier.
54,Southern,Goa,Goa,Fort Aguada,Fort,1612,1.5,4.2,0,Yes,None,Historical,Yes,Morning,,A well-preserved Portuguese fort offering spectacular Arabian Sea views and historic lighthouse remains.
55,Southern,Goa,Goa,Dudhsagar Falls,Waterfall,Unknown,3,4.6,500,Yes,None,Nature,Yes,Afternoon,,"One of India's tallest waterfalls, renowned for its milky cascades amidst lush Western Ghats forests."
56,Southern,Goa,Goa,Anjuna Beach,Beach,Unknown,2,4.4,0,Yes,None,Scenic,Yes,Evening,,"A lively Goan beach famous for beach parties, flea markets, and exciting water sports."
57,Southern,Goa,Goa,Chapora Fort,Fort,1617,1,4.2,0,Yes,None,Historical,Yes,Evening,,A historic hilltop fort offering breathtaking panoramic views of Goa's coastline and Vagator Beach.
58,Southern,Goa,Goa,Se Cathedral,Church,1640,1,4.5,0,Yes,None,Historical,Yes,Afternoon,,"One of Asia's largest churches, admired for its magnificent Portuguese-Gothic architecture and historic significance."
59,Southern,Goa,Goa,Baga Beach,Beach,Unknown,2,4.5,0,Yes,None,Scenic,Yes,Evening,,"A bustling beach destination known for vibrant nightlife, water sports, and beachfront restaurants."
60,Southern,Goa,Goa,Arambol Beach,Beach,Unknown,2,4.6,0,Yes,None,Scenic,Yes,Evening,,"A tranquil beach popular among backpackers, yoga enthusiasts, and lovers of scenic sunsets."
61,Southern,Goa,Goa,Palolem Beach,Beach,Unknown,2,4.6,0,Yes,None,Scenic,Yes,Evening,,"A crescent-shaped beach renowned for calm waters, palm-lined shores, and relaxing ambiance."
62,Southern,Goa,Goa,Colva Beach,Beach,Unknown,2,4.3,0,Yes,None,Scenic,Yes,Evening,,"A scenic white-sand beach offering peaceful surroundings, water activities, and coastal charm."
63,Southern,Goa,Goa,Miramar Beach,Beach,Unknown,1.5,4.2,0,Yes,None,Scenic,Yes,Evening,,"A picturesque beach near Panaji, ideal for leisurely walks, sunsets, and views of the Arabian Sea."
64,Southern,Goa,Goa,Aguada Beach,Beach,Unknown,2,4.5,0,Yes,None,Scenic,Yes,Evening,,"A serene beach near Fort Aguada offering golden sands, scenic beauty, and peaceful seaside experiences."
65,Southern,Goa,Goa,Dr. Salim Ali Bird Santuary,Bird Sanctuary,1988,2,3.9,10,Yes,None,Wildlife,Yes,Afternoon,,A protected mangrove sanctuary famous for migratory birds and rich coastal biodiversity.
66,Western,Gujarat,Ahmedabad,Sabarmati Ashram,Historical,1915,1.5,4.6,0,Yes,None,Historical,Yes,Morning,,"Mahatma Gandhi's historic residence, preserving his legacy through museums and peaceful surroundings."
67,Western,Gujarat,Dwarka,Dwarkadhish Temple,Temple,-400,2,4.7,0,No,None,Religious,No,Evening,,A revered Hindu temple dedicated to Lord Krishna and one of the sacred Char Dham pilgrimage sites.
68,Western,Gujarat,Junagadh,Gir National Park,National Park,1965,3,4.5,3500,No,None,Wildlife,Yes,Morning,,"The world's only natural habitat of the majestic Asiatic lion, rich in wildlife and biodiversity."
69,Western,Gujarat,Bhuj,White Desert,Site,1950,2.5,4.6,0,Yes,None,Nature,Yes,Evening,,"A breathtaking salt desert in the Rann of Kutch, especially spectacular under moonlit skies."
70,Western,Gujarat,Vadodara,Laxmi Vilas Palace,Palace,1890,2,4.4,200,Yes,Monday,Historical,Yes,Afternoon,,"A magnificent royal residence in Vadodara, renowned for its opulent architecture and lavish interiors."
71,Western,Gujarat,Somnath,Somnath Temple,Temple,1951,2,4.8,0,No,None,Religious,No,Morning,,"One of the twelve sacred Jyotirlingas, standing majestically along Gujarat's scenic Arabian Sea coast."
72,Western,Gujarat,Rann of Kutch,Rann Utsav,Cultural,Unknown,3,4.9,7500,Yes,None,Cultural,Yes,Evening,,"A vibrant cultural festival celebrating Gujarat's heritage through music, crafts, cuisine, and desert experiences."
73,Western,Gujarat,Kevadia,Statue of Unity,Monument,2018,3,4.6,350,No,Monday,Historical,Yes,All,,"The world's tallest statue honoring Sardar Vallabhbhai Patel, surrounded by modern attractions and scenic landscapes."
74,Western,Gujarat,Gandhinagar,Dandi Kutir,Museum,2013,1.5,4.5,0,No,None,Historical,Yes,All,,An immersive museum narrating Mahatma Gandhi's life through interactive exhibits and multimedia presentations.
75,Western,Gujarat,Ahmedabad,Sabarmati Riverfront,Urban Development Project,2012,1,4.6,0,Yes,None,Recreational,Yes,Evening,,"A beautifully developed waterfront offering gardens, cycling paths, boating, and recreational spaces."
76,Western,Gujarat,Ahmedabad,Manek Chowk,Market,Unknown,2,4.4,0,Yes,None,Food,Yes,Night,,Ahmedabad's famous market transforming into a vibrant late-night street food destination after sunset.
77,Western,Gujarat,Ahmedabad,Kankaria Lake,Lake,1451,3,4.5,10,Yes,None,Recreational,Yes,Afternoon,,"A popular lakeside recreational destination featuring boating, toy trains, gardens, and family attractions."
78,Western,Gujarat,Ahmedabad,Science City,Science,2002,7,4.4,500,Yes,Monday,Educational,Yes,All,,"An interactive science park offering innovative exhibits, immersive experiences, and educational entertainment for all ages."
79,Northern,Rajasthan,Jaipur,Hawa Mahal,Palace,1799,1,4.4,50,Yes,None,Architectural,Yes,Morning,,Jaipur's iconic Palace of Winds featuring hundreds of intricately designed windows overlooking bustling streets.
80,Northern,Rajasthan,Udaipur,City Palace,Palace,1559,2,4.4,300,Yes,None,Historical,Yes,All,,"A magnificent royal palace complex showcasing regal architecture, museums, and the rich heritage of Jaipur."
81,Northern,Rajasthan,Jaisalmer,Jaisalmer Fort,Fort,1156,2.5,4.4,50,No,None,Historical,Yes,All,,"A living UNESCO World Heritage fort housing homes, temples, shops, and vibrant cultural experiences."
82,Northern,Rajasthan,Sawai Madhopur,Ranthambore National Park,Wildlife Sanctuary,1980,3,4.6,500,No,None,Wildlife,Yes,All,,A renowned tiger reserve offering thrilling wildlife safaris amidst ancient ruins and scenic forests.
83,Northern,Rajasthan,Pushkar,Pushkar Lake,Temple,1400,1.5,4.4,0,No,None,Religious,Yes,All,,"A sacred lake surrounded by ancient ghats and temples, central to Hindu pilgrimage traditions."
84,Northern,Rajasthan,Ajmer,Ajmer Sharif Dargah,Shrine,1236,1,4.6,0,Yes,None,Religious,No,All,,"A revered Sufi shrine dedicated to Khwaja Moinuddin Chishti, attracting pilgrims from around the world."
85,Northern,Rajasthan,Jodhpur,Mehrangarh Fort,Fort,1459,2,4.6,100,Yes,None,Historical,Yes,All,,"One of India's grandest forts, offering magnificent architecture, museums, and panoramic views of Jodhpur."
86,Northern,Rajasthan,Chittorgarh,Chittorgarh Fort,Fort,700,2,4.6,40,No,None,Historical,Yes,All,,"India's largest fort complex, symbolizing Rajput valor through magnificent palaces, temples, and towers."
87,Northern,Rajasthan,Mount Abu,Dilwara Temples,Temple,1100,1,4.6,0,No,None,Religious,No,All,,Exquisite Jain temples renowned for breathtaking marble carvings and extraordinary craftsmanship.
88,Northern,Rajasthan,Bikaner,Junagarh Fort,Fort,1589,2,4.5,50,Yes,None,Historical,Yes,All,,"A magnificent Bikaner fort admired for its ornate palaces, courtyards, and well-preserved architecture."
89,Northern,Rajasthan,Jaipur,Amber Fort,Fort,1592,2,4.6,100,Yes,None,Historical,Yes,All,,A majestic hilltop fort blending Rajput and Mughal architecture with grand courtyards and palaces.
90,Northern,Rajasthan,Jaipur,Jaigarh Fort,Fort,1726,1.5,4.5,35,Yes,None,Historical,Yes,All,,A formidable hill fort housing the world's largest cannon on wheels and commanding views of Jaipur.
91,Northern,Rajasthan,Udaipur,Lake Pichola,Lake,1362,1,4.6,0,Yes,None,Nature,Yes,All,,"A picturesque artificial lake surrounded by palaces, ghats, and scenic boat cruises in Udaipur."
92,Northern,Punjab,Amritsar,Golden Temple (Harmandir Sahib),Religious Site,1604,1.5,4.9,0,Yes,None,Spiritual,Yes,All,,"Sikhism's holiest shrine, celebrated for its golden architecture, spiritual serenity, and community kitchen."
93,Northern,Punjab,Amritsar,Jallianwala Bagh,Memorial,1951,1,4.8,0,Yes,None,Historical,Yes,Afternoon,,"A historic memorial commemorating the victims of the 1919 massacre, preserving an important chapter of Indian history."
94,Northern,Punjab,Amritsar,Wagah Border,Border Crossing,1950,2,4.8,0,Yes,None,Cultural,Yes,Evening,,The famous India-Pakistan border known for its energetic daily flag-lowering ceremony and patriotic atmosphere.
95,Northern,Punjab,Chandigarh,Rock Garden,Sculpture Garden,1976,2,4.5,30,Yes,None,Artistic,Yes,All,,A unique sculpture garden in Chandigarh created entirely from recycled materials and industrial waste.
96,Southern,Kerala,Alappuzha,Alappuzha Beach,Beach,Unknown,1.5,4.5,0,Yes,None,Recreational,Yes,All,,"A serene Kerala beach featuring golden sands, a historic pier, and picturesque Arabian Sea sunsets."
97,Southern,Kerala,Munnar,Munnar Tea Gardens,Scenic Area,Unknown,2,4.3,0,No,None,Nature,Yes,All,,"Rolling tea plantations offering breathtaking landscapes, cool climate, and immersive plantation experiences."
98,Southern,Kerala,Kochi,Fort Kochi,Site,1503,1,4.4,0,Yes,None,Historical,Yes,All,,"A charming historic coastal town known for colonial architecture, Chinese fishing nets, and vibrant art culture."
99,Southern,Kerala,Thiruvananthapuram,Padmanabhaswamy Temple,Temple,Unknown,1,4.7,0,Yes,None,Religious,No,All,,"A revered Hindu temple in Thiruvananthapuram, renowned for its magnificent Dravidian architecture and immense historical treasures."
100,Southern,Kerala,Kozhikode,Kozhikode Beach,Beach,Unknown,1.5,3.9,0,Yes,None,Recreational,Yes,All,,"A scenic beachfront known for breathtaking sunsets, historic significance, and delicious local seafood delicacies."
101,Southern,Kerala,Wayanad,Wayanad Wildlife Sanctuary,Wildlife Sanctuary,Unknown,3,4.5,300,No,None,Wildlife,Yes,All,,"A lush protected reserve home to elephants, deer, leopards, and diverse flora within the Western Ghats."
102,Southern,Kerala,Thekkady,Periyar National Park,National Park,1982,3,4.3,50,No,None,Wildlife,Yes,All,,A renowned tiger and elephant reserve offering wildlife safaris and boat cruises on the picturesque Periyar Lake.
103,Southern,Kerala,Kumarakom,Kumarakom Bird Sanctuary,Bird Sanctuary,1972,2,3.8,50,Yes,None,Wildlife,Yes,All,,A tranquil wetland sanctuary attracting migratory birds and nature enthusiasts along the serene Vembanad Lake.
104,Southern,Kerala,Varkala,Varkala Beach,Beach,Unknown,2,4.6,0,Yes,None,Recreational,Yes,All,,"A stunning cliffside beach famous for its dramatic coastal views, golden sands, and natural mineral springs."
105,Southern,Kerala,Bekal,Bekal Fort,Fort,1650,1.5,4.5,20,No,None,Historical,Yes,All,,"Kerala's largest fort, offering panoramic Arabian Sea views and beautifully preserved historic architecture."
106,Southern,Kerala,Kovalam,Kovalam Beach,Beach,Unknown,2,4.4,0,Yes,None,Recreational,Yes,All,,"A world-famous beach destination known for crescent-shaped shores, lighthouse views, and exciting water sports."
107,Southern,Kerala,Kannur,St. Angelo Fort,Fort,1505,1,4.4,20,Yes,None,Historical,Yes,All,,"A well-preserved Portuguese fort overlooking the Arabian Sea, reflecting Kerala's rich colonial heritage."
108,Southern,Kerala,Nelliyampathy,Seethargundu Viewpoint,Viewpoint,Unknown,1,4.5,0,No,None,Nature,Yes,Morning,,"A breathtaking hilltop viewpoint offering sweeping vistas of forests, valleys, and cascading waterfalls."
109,Southern,Kerala,Kochi,Kerala Folklore Museum,Cultural,2009,1.5,4.4,100,Yes,Monday,Cultural,Yes,All,,"A cultural museum showcasing Kerala's traditional art, architecture, costumes, and historical artifacts."
110,Southern,Kerala,Kochi,Wonderla Amusement Park,Amusement Park,2016,5.5,4.6,750,Yes,None,Entertainment,Yes,All,,"A premier amusement park featuring thrilling rides, water attractions, and family-friendly entertainment experiences."
111,Southern,Karnataka,Mysore,Mysore Palace,Palace,1912,2,4.6,50,Yes,None,Historical,Yes,All,,A magnificent royal residence celebrated for its Indo-Saracenic architecture and dazzling nighttime illumination.
112,Southern,Karnataka,Hampi,Hampi Archaeological Ruins,Site,Unknown,3,4.7,0,No,None,Historical,Yes,All,,A UNESCO World Heritage Site showcasing the spectacular ruins of the ancient Vijayanagara Empire.
113,Southern,Karnataka,Coorg,Abbey Falls,Waterfall,Unknown,1,4.1,0,No,None,Nature,Yes,Morning,,"A picturesque waterfall nestled amid coffee plantations, offering a refreshing escape into nature."
114,Southern,Karnataka,Gokarna,Om Beach,Beach,Unknown,2,4.5,0,No,None,Nature,Yes,All,,"A uniquely shaped beach resembling the sacred ""Om"" symbol, popular for relaxation and water activities."
115,Southern,Karnataka,Chikmagalur,Mullayanagiri,Mountain Peak,Unknown,3,4.5,0,No,None,Nature,Yes,All,,"Karnataka's highest peak, offering scenic trekking trails and breathtaking panoramic mountain views."
116,Southern,Karnataka,Badami,Badami Cave Temples,Cave,600,1.5,4.6,30,No,None,Religious,No,All,,Ancient rock-cut cave temples renowned for exquisite carvings and remarkable Chalukyan architecture.
117,Southern,Karnataka,Shivamogga,Jog Falls,Waterfall,1900,1.5,4.6,30,No,None,Nature,Yes,Morning,,"One of India's highest waterfalls, admired for its dramatic cascades during the monsoon season."
118,Southern,Karnataka,Mangalore,Panambur Beach,Beach,Unknown,1.5,4.5,0,Yes,None,Recreational,Yes,All,,"A clean and vibrant beach famous for water sports, kite festivals, and beautiful sunsets."
119,Southern,Karnataka,Murudeshwar,Murudeshwar Temple,Temple,Unknown,1,4.7,0,Yes,None,Religious,No,All,,"A prominent coastal temple dedicated to Lord Shiva, featuring one of the world's tallest Shiva statues."
120,Southern,Karnataka,Bijapur,Gol Gumbaz,Mausoleum,1656,1.5,4.5,20,No,None,Historical,Yes,All,,An architectural masterpiece renowned for its massive dome and unique whispering gallery.
121,Southern,Karnataka,Bandipur,Bandipur National Park,National Park,1974,3,4.4,300,No,None,Wildlife,Yes,Morning,,"A celebrated wildlife reserve known for tigers, elephants, and rich biodiversity in the Western Ghats."
122,Southern,Karnataka,Halebidu,Halebidu Hoysaleswara Temple,Temple,1121,1,4.7,15,No,None,Religious,No,All,,A masterpiece of Hoysala architecture featuring intricate stone carvings dedicated to Lord Shiva.
123,Western,Maharastra,Pune,Shaniwar Wada,Fort,1732,2,4.4,50,Yes,None,Historical,Yes,All,,"A historic Maratha fortification known for its grand gateways, gardens, and fascinating history."
124,Western,Maharastra,Aurangabad,Ajanta Caves,Cave,200,3,4.6,30,Yes,Monday,Historical,Yes,Afternoon,,UNESCO-listed Buddhist rock-cut caves adorned with exquisite murals and ancient sculptures.
125,Western,Maharastra,Nashik,Sula Vineyards,Vineyard,1999,2,4.1,300,Yes,None,Recreational,Yes,Afternoon,,"India's leading vineyard offering wine tastings, scenic landscapes, and immersive winery tours."
126,Western,Maharastra,Shirdi,Sai Baba Temple,Temple,1922,1.5,4.7,0,Yes,None,Religious,No,All,,A revered pilgrimage site in Shirdi dedicated to the spiritual leader Sai Baba.
127,Western,Maharastra,Alibaug,Alibaug Beach,Beach,Unknown,1.5,4.2,0,Yes,None,Recreational,Yes,Evening,,"A popular coastal destination offering tranquil shores, water sports, and views of the historic Kolaba Fort."
128,Western,Maharastra,Ratnagiri,Ganapatipule Temple,Temple,1600,1,4.7,0,No,None,Religious,No,All,,"A sacred seaside temple dedicated to Lord Ganesha, surrounded by pristine beaches and natural beauty."
129,Western,Maharastra,Nagpur,Deekshabhoomi,Monument,2001,1,4.5,0,Yes,None,Religious,Yes,Afternoon,,A significant Buddhist monument marking Dr. B. R. Ambedkar's historic conversion to Buddhism.
130,Western,Maharastra,Kolhapur,Mahalakshmi Temple,Temple,700,1,4.8,0,Yes,None,Religious,No,All,,"A revered temple dedicated to Goddess Mahalakshmi, attracting devotees with its spiritual significance."
131,Western,Maharastra,Lonavala,Karla Caves,Cave,200,1.5,4.4,25,Yes,Yes,Historical,Yes,Afternoon,,Ancient Buddhist rock-cut caves featuring impressive chaityas and intricately carved pillars.
132,Western,Maharashtra,Tarkarli,Tarkarli Beach,Beach,Unknown,2,4.6,0,No,None,Recreational,Yes,Evening,,"A pristine beach known for crystal-clear waters, scuba diving, snorkeling, and marine biodiversity."
133,Western,Maharashtra,Satara,Kaas Plateau,Valley,Unknown,2,4.4,300,No,None,Nature,Yes,Afternoon,,A UNESCO World Natural Heritage Site famous for its vibrant seasonal bloom of wildflowers.
134,Western,Maharashtra,Matheran,Echo Point,Viewpoint,1828,1.5,4.4,0,Yes,None,Nature,Yes,Morning,,A scenic hilltop viewpoint where natural echoes and breathtaking valley views delight visitors.
135,Western,Maharashtra,Ajanta,Ellora Caves,Cave,600,3,4.7,30,Yes,Tuesday,Historical,Yes,Afternoon,,"A UNESCO World Heritage Site featuring remarkable Hindu, Buddhist, and Jain rock-cut monuments."
136,Central,Madhya Pradesh,Khajuraho,Khajuraho Group of Monuments,Temples,-850,2,4.7,40,No,None,Cultural,Yes,Afternoon,,UNESCO-listed temples celebrated worldwide for their intricate sculptures and exceptional Nagara architecture.
137,Central,Madhya Pradesh,Bhopal,Sanchi Stupa,Monument,-300,1.5,4.7,30,Yes,None,Historical,Yes,Afternoon,,"One of Buddhism's oldest stone monuments, showcasing remarkable carvings and historical significance."
138,Central,Madhya Pradesh,Indore,Rajwada Palace,Palace,1747,1,4.4,10,Yes,None,Historical,Yes,Afternoon,,A grand seven-story palace reflecting the royal heritage and architectural elegance of Indore.
139,Central,Madhya Pradesh,Gwalior,Gwalior Fort,Fort,900,2.5,4.5,75,Yes,None,Historical,Yes,Morning,,"A majestic hilltop fortress featuring magnificent palaces, temples, and centuries of royal history"
140,Central,Madhya Pradesh,Ujjain,Mahakaleshwar Jyotirlinga,Temple,-3500,1.5,4.8,0,Yes,None,Religious,No,All,,"One of the twelve sacred Jyotirlingas, revered for its spiritual significance and unique Bhasma Aarti."
141,Central,Madhya Pradesh,Jabalpur,Dhuandhar Falls,Waterfall,Unknown,1,4.5,0,No,None,Nature,Yes,Morning,,"A spectacular waterfall on the Narmada River, famous for its misty spray and marble surroundings."
142,Central,Madhya Pradesh,Pachmarhi,Bee Falls,Waterfall,Unknown,1.5,4.6,15,No,None,Nature,Yes,Morning,,"A refreshing waterfall near Pachmarhi, offering crystal-clear waters and scenic natural beauty."
143,Central,Madhya Pradesh,Kanha,Kanha National Park,Wildlife Sanctuary,1955,3,4.5,100,No,None,Wildlife,Yes,Morning,,"One of India's finest tiger reserves, renowned for its rich wildlife and lush sal forests."
144,Central,Madhya Pradesh,Bandhavgarh,Bandhavgarh National Park,National Park,1968,3,4.5,50,No,None,Wildlife,Yes,Morning,,A premier tiger reserve known for its high tiger population and historic hill fort.
145,Central,Madhya Pradesh,Orchha,Orchha Fort,Fort,1500,1.5,4.8,10,No,None,Historical,Yes,Afternoon,,A magnificent fort complex showcasing Bundela architecture along the scenic Betwa River.
146,Central,Madhya Pradesh,Mandu,Jahaz Mahal,Site,1500,1,3.9,50,No,None,Historical,Yes,Afternoon,,"A unique palace appearing to float between two lakes, reflecting elegant Afghan architecture."
147,Central,Madhya Pradesh,Bhimbetka,Bhimbetka Rock Shelters,Prehistoric Site,1958,2,4.6,25,No,None,Archaeological,Yes,Afternoon,,UNESCO-listed prehistoric caves featuring ancient rock paintings dating back thousands of years.
148,Central,Madhya Pradesh,Amarkantak,Narmada Udgam Temple,Temple,1200,1,4.4,0,No,None,Religious,Yes,All,,A sacred temple marking the origin of the holy Narmada River at Amarkantak.
149,Central,Madhya Pradesh,Chitrakoot,Chitrakoot Falls,Waterfall,Unknown,1.5,4.4,0,No,None,Nature,Yes,Morning,,"India's widest waterfall, often called the ""Niagara Falls of India"" for its impressive grandeur."
150,Northern,Himachal Pradesh,Shimla,The Ridge,Scenic Point,Unknown,1,4.7,0,Yes,None,Recreational,Yes,Morning,,Shimla's iconic open promenade offering panoramic Himalayan views and vibrant local gatherings.
151,Northern,Himachal Pradesh,Manali,Solang Valley,Valley,Unknown,2,4.1,0,No,None,Adventure,Yes,Morning,,"A popular adventure destination offering skiing, paragliding, ziplining, and breathtaking mountain scenery."
152,Northern,Himachal Pradesh,dalhousie,Dalai Lama Temple,Temple,1959,1.5,4.7,0,Yes,None,Religious,No,All,,A peaceful Buddhist monastery in Dharamshala associated with His Holiness the Dalai Lama.
153,Northern,Himachal Pradesh,Dalhousie,Khajjiar Lake,Lake,Unknown,1.5,4.5,0,No,None,Nature,Yes,Morning,,"A serene lake surrounded by lush meadows and cedar forests, often called the ""Mini Switzerland of India."""
154,Northern,Himachal Pradesh,Spiti Valley,Key Monastery,Monastery,1100,1,4.8,0,No,None,Religious,Yes,Morning,,A spectacular hilltop Tibetan monastery overlooking the Spiti Valley with centuries of spiritual heritage.
155,Northern,Himachal Pradesh,Kullu,Great Himalayan National Park,National Park,1984,3,4.5,50,No,None,Wildlife,Yes,All,,A UNESCO World Heritage Site preserving pristine Himalayan ecosystems and diverse wildlife.
156,Northern,Himachal Pradesh,Chamba,Chamera Lake,Lake,Unknown,2,4.4,0,No,None,Recreational,Yes,Morning,,"A picturesque reservoir offering boating, photography, and scenic views amidst Himalayan landscapes."
157,Northern,Himachal Pradesh,Kinnaur,Sangla Valley,Valley,Unknown,2,4.5,0,No,None,Nature,Yes,Morning,,"A beautiful Himalayan valley renowned for apple orchards, traditional villages, and snow-capped peaks."
158,Northern,Himachal Pradesh,Kangra,Kangra Fort,Fort,400,2,4.4,150,Yes,None,Historical,Yes,All,,"One of India's oldest forts, showcasing rich history and commanding views of the Kangra Valley."
159,Northern,Himachal Pradesh,Palampur,Tea Gardens,Tea Plantation,1950,1.5,4.6,0,Yes,None,Agricultural,Yes,Morning,,"Lush hillside plantations offering scenic landscapes, tea-tasting experiences, and refreshing mountain air."
160,Northern,Himachal Pradesh,Mandi,Prashar Lake,Lake,1400,1.5,4.6,0,No,None,Nature,Yes,Morning,,A serene high-altitude lake featuring a floating island and an ancient hilltop temple.
161,Northern,Himachal Pradesh,Bir Billing,Paragliding Site,Adventure Sport,2005,2,4.8,2500,No,None,Adventure,Yes,All,,"A thrilling adventure destination offering unforgettable aerial views of valleys, mountains, and forests."
162,Northern,Himachal Pradesh,McLeod Ganj,Triund Trek,Trekking,Unknown,5,4.8,0,Yes,None,Adventure,Yes,Morning,,A popular Himalayan trekking trail known for breathtaking views of the Dhauladhar mountain range.
163,Northern,Himachal Pradesh,Manikaran,Manikaran Sahib,Gurudwara,1980,1,4.6,0,No,None,Religious,Yes,Morning,,A sacred Sikh pilgrimage site famous for its hot springs and peaceful riverside setting.
164,Northern,Himachal Pradesh,Narkanda,Hatu Peak,Viewpoint,Unknown,2,4.5,0,Yes,None,Nature,Yes,All,,A scenic mountain summit offering panoramic Himalayan views and a historic temple at the top.
165,Northern,Himachal Pradesh,Barot,Barot Valley,Valley,Unknown,2,4.7,0,No,None,Nature,Yes,Morning,,"A peaceful Himalayan valley known for trout fishing, pine forests, and scenic trekking trails."
166,Northern,Himachal Pradesh,Shoja,Serolsar Lake,Lake,Unknown,2.5,4.4,0,No,None,Nature,Yes,Morning,,A pristine alpine lake surrounded by dense forests and revered for its tranquil atmosphere.
167,Northern,Himachal Pradesh,Kufri,Kufri Fun World,Ski Resort,1975,5,3.8,1500,Yes,None,Recreational,Yes,All,,"A hilltop amusement park offering rides, adventure activities, and spectacular mountain views."
168,Northern,Uttarakhand,Nainital,Naini Lake,Lake,Unknown,1.5,4.2,0,Yes,None,Nature,Yes,Morning,,"The heart of Nainital, this scenic lake is ideal for boating and surrounded by picturesque hills."
169,Northern,Uttarakhand,Rishikesh,Laxman Jhula,Suspension Bridge,1939,1,4.4,0,Yes,None,Cultural,Yes,Morning,,"A famous suspension bridge across the Ganges, associated with mythology and spiritual significance."
170,Northern,Uttarakhand,Haridwar,Har Ki Pauri,Ghat,Unknown,1,4.5,0,Yes,None,Religious,Yes,All,,"Haridwar's most sacred ghat, renowned for the mesmerizing evening Ganga Aarti ceremony."
171,Northern,Uttarakhand,Dehradun,Robber's Cave,Cave,Unknown,1.5,4.5,25,Yes,None,Nature,Yes,Morning,,A fascinating natural cave featuring a stream flowing through narrow limestone formations.
172,Northern,Uttarakhand,Mussoorie,Kempty Falls,Waterfall,Unknown,1.5,4.2,15,Yes,None,Nature,Yes,Morning,,"A popular cascading waterfall surrounded by lush hills, perfect for sightseeing and recreation."
173,Northern,Uttarakhand,Auli,Auli Ski Resort,Ski Resort,1990,3,4.5,0,No,None,Adventure,Yes,Morning,,"India's premier skiing destination, offering snow-covered slopes and breathtaking Himalayan panoramas."
174,Northern,Uttarakhand,Badrinath,Badrinath Temple,Temple,-820,1,4.8,0,No,None,Religious,No,All,,One of the sacred Char Dham pilgrimage sites dedicated to Lord Vishnu in the Himalayas.
175,Northern,Uttarakhand,Almora,Binsar Wildlife Sanctuary,Wildlife Sanctuary,1988,2,4.3,150,No,None,Wildlife,Yes,All,,A serene forest sanctuary known for Himalayan wildlife and panoramic mountain viewpoints.
176,Northern,Uttarakhand,Ranikhet,Chaubatia Gardens,Orchard,1868,1,4,50,No,None,Recreational,Yes,All,,Beautiful orchards and botanical gardens offering spectacular Himalayan views and seasonal blossoms.
177,Northern,Uttarakhand,Jim Corbett,Jim Corbett National Park,National Park,1936,3,4.4,100,Yes,None,Wildlife,Yes,All,,"India's oldest national park, famous for Bengal tiger safaris and rich biodiversity."
178,Northern,Uttarakhand,Uttarkashi,Gangotri Temple,Temple,1751,1,4.8,0,No,None,Religious,No,All,,A revered Himalayan shrine dedicated to Goddess Ganga near the origin of the sacred river.
179,Northern,Uttarakhand,Chopta,Tungnath Temple,Temple,751,2,4.8,0,No,None,Religious,No,All,,"The world's highest Shiva temple, accessible via a scenic Himalayan trekking route."
180,Northern,Uttarakhand,Joshimath,Valley of Flowers,National Park,1982,5,4.7,150,No,None,Nature,Yes,Morning,,A UNESCO World Heritage Site renowned for colorful alpine flowers and breathtaking mountain scenery.
181,Central,Uttar Pradesh,Agra,Taj Mahal,Mausoleum,1632,2,4.6,50,Yes,Friday,Historical,Yes,Morning,,A UNESCO World Heritage monument celebrated as the world's finest symbol of eternal love and Mughal architecture.
182,Central,Uttar Pradesh,Varanasi,Kashi Vishwanath Temple,Temple,Unknown,1,4.7,0,Yes,None,Religious,No,All,,"One of Hinduism's holiest temples, dedicated to Lord Shiva on the banks of the Ganges."
183,Central,Uttar Pradesh,Lucknow,Bara Imambara,Monument,1784,1.5,4.4,50,Yes,Monday,Historical,No,All,,A magnificent historical complex famous for its grand hall and the mysterious Bhool Bhulaiya labyrinth.
184,Central,Uttar Pradesh,Mathura,Krishna Janmabhoomi,Temple,Unknown,1,4.7,0,Yes,None,Religious,No,All,,A sacred pilgrimage site believed to mark the birthplace of Lord Krishna in Mathura.
185,Central,Uttar Pradesh,Ayodhya,Ram Janmabhoomi,Religious Site,Unknown,1,4.8,0,Yes,None,Religious,No,All,,A revered Hindu pilgrimage site believed to be the birthplace of Lord Rama in Ayodhya.
186,Central,Uttar Pradesh,Vrindavan,Banke Bihari Temple,Temple,1864,1,4.8,0,Yes,None,Religious,No,All,,"A famous Vrindavan temple dedicated to Lord Krishna, attracting devotees from across the world."
187,Central,Uttar Pradesh,Allahabad,Triveni Sangam,Confluence,Unknown,1,4.5,0,Yes,None,Religious,Yes,Morning,,"The sacred confluence of the Ganga, Yamuna, and mythical Saraswati rivers at Prayagraj."
188,Central,Uttar Pradesh,Jhansi,Jhansi Fort,Fort,1613,1.5,4.4,15,Yes,None,Historical,Yes,All,,A historic fortress closely associated with Rani Lakshmibai and India's First War of Independence.
189,Central,Uttar Pradesh,Sarnath,Dhamek Stupa,Monument,-500,1,4.6,5,Yes,None,Historical,Yes,All,,A monumental Buddhist stupa marking the site where Lord Buddha delivered his first sermon.
190,Central,Uttar Pradesh,Fatehpur Sikri,Buland Darwaza,Monument,1571,2,4.4,40,Yes,None,Historical,Yes,Afternoon,,"A grand Mughal gateway at Fatehpur Sikri, symbolizing Emperor Akbar's architectural vision."
191,Central,Uttar Pradesh,Noida,Okhla Bird Sanctuary,Bird Sanctuary,1990,1.5,4.3,30,Yes,None,Wildlife,Yes,All,,A protected wetland habitat home to numerous migratory birds and diverse aquatic wildlife.
192,Central,Uttar Pradesh,Aligarh,Aligarh Fort,Fort,1524,1,4.1,20,Yes,None,Historical,Yes,Afternoon,,A historic fort showcasing impressive military architecture and significant regional heritage.
193,Central,Uttar Pradesh,Meerut,Augarnath Temple,Temple,Unknown,1,4.8,0,Yes,None,Religious,No,All,,A revered temple in Meerut closely linked to the events of the 1857 Indian Rebellion.
194,Central,Uttar Pradesh,Kanpur,Allen Forest Zoo,Zoo,1971,2,4.2,150,Yes,Monday,Wildlife,Yes,All,,A spacious zoological park in Kanpur featuring diverse wildlife in a natural forest environment.
195,Northern,Jammu and Kashmir,Srinagar,Dal Lake,Lake,Unknown,2,4.6,0,Yes,None,Nature,Yes,Morning,,"Kashmir's iconic lake renowned for houseboats, shikara rides, and breathtaking Himalayan scenery."
196,Northern,Ladakh,Leh,Pangong Tso,Lake,Unknown,2,4.9,20,Yes,None,Nature,Yes,Morning,,A stunning high-altitude lake famous for its crystal-clear blue waters and changing colors.
197,Northern,Jammu and Kashmir,Pahalgam,Betaab Valley,Valley,Unknown,2,4.6,100,No,None,Nature,Yes,All,,"A picturesque Kashmir valley surrounded by snow-capped mountains, lush meadows, and flowing streams."
198,Northern,Jammu and Kashmir,Jammu,Vaishno Devi,Temple,Unknown,5,4.7,0,Yes,None,Religious,No,All,,"One of India's most sacred pilgrimage destinations, nestled in the Trikuta Hills of Jammu."
199,Northern,Jammu and Kashmir,Udhampur,Patnitop Height,Hill,Unknown,2,4.1,0,No,None,Recreational,Yes,All,,"A scenic hill station offering lush meadows, adventure activities, and panoramic Himalayan views."
200,Northern,Jammu and Kashmir,Anantnag,Amarnath Cave,Temple,Unknown,6,4.5,0,No,None,Religious,Yes,All,,A revered Himalayan cave shrine famous for its naturally formed ice Shiva Lingam.
201,Northern,Ladakh,Leh,Thiksey Monastery,Monastery,1430,1.5,4.7,20,Yes,None,Religious,No,All,,"A magnificent Tibetan Buddhist monastery overlooking the Indus Valley, known for its grand Maitreya Buddha statue."
202,Northern,Ladakh,Nubra Valley,Nubra Valley,Valley,Unknown,2,4.5,0,No,None,Nature,Yes,All,,"A breathtaking cold desert featuring sand dunes, double-humped camels, and dramatic Himalayan landscapes."
203,Northern,Ladakh,Kargil,Kargil War Memorial,War Memorial,24,1,4.8,0,No,None,Historical,Yes,All,,A solemn memorial honoring the brave Indian soldiers who sacrificed their lives during the 1999 Kargil War.
204,Northern,Ladakh,Diskit,Diskit Monastery,Monastery,1351,1,4.7,20,No,None,Religious,No,Morning,,"The oldest and largest monastery in Nubra Valley, renowned for its giant Maitreya Buddha statue and panoramic Himalayan views."
205,Northern,Jammu and Kashmir,Kishtwar,Kishtwar National Park,National Park,1981,3,4.3,100,No,None,Wildlife,Yes,All,,"A pristine Himalayan national park known for its rich biodiversity, alpine meadows, and endangered wildlife."
206,Northern,Ladakh,Hemis,Hemis National Park,National Park,1981,4,4.4,20,No,None,Wildlife,Yes,All,,"India's largest national park, famous for snow leopards, rugged mountains, and unique Himalayan ecosystems."
207,Northern,Ladakh,Dras,Dras War Memorial,War Memorial,Unknown,1,4.8,0,No,None,Historical,Yes,All,,A solemn memorial honoring the brave soldiers who sacrificed their lives during the Kargil War of 1999.
208,Northern,Ladakh,Leh,Magnetic Hill,Gravity Hill,Unknown,0.5,3.7,0,Yes,None,Nature,Yes,All,,A solemn memorial honoring the brave soldiers who sacrificed their lives during the Kargil War of 1999.
209,Northern,Ladakh,Leh,Khardung La Pass,Hill,Unknown,1,4.5,0,Yes,None,Adventure,Yes,Afternoon,,"One of the world's highest motorable mountain passes, offering spectacular views of the Ladakh region."
210,Northern,Ladakh,Leh,Thiksey Monastery,Monastery,1430,1.5,4.7,30,Yes,None,Religious,No,All,,"A magnificent Tibetan Buddhist monastery overlooking the Indus Valley, renowned for its towering Maitreya Buddha statue."
211,Central,Uttar Pradesh,Vrindavan,Prem Mandir,Temple,2012,1.5,4.8,0,Yes,None,Religious,Yes,Evening,,"An exquisite white marble temple dedicated to Radha Krishna, celebrated for its illuminated architecture and gardens."
212,Central,Uttar Pradesh,Porbandar,Kirti Mandir,Memorial,1950,1,4.8,0,Yes,None,Historical,Yes,Morning,,A sacred temple in Mathura associated with the birthplace and legacy of Lord Krishna.
213,Central,Uttar Pradesh,Mathura,Nand Gaon,Village,Unknown,1,4.1,0,Yes,None,Cultural,Yes,Morning,,A revered village believed to be the childhood home of Lord Krishna and Nanda Maharaj.
214,Central,Uttar Pradesh,Mathura,Barsana Mandir,Temple,Unknown,1,4.8,0,Yes,None,Religious,Yes,Morning,,"A famous hilltop temple dedicated to Radha Rani, renowned for the vibrant Lathmar Holi festival."
215,Eastern,West Bengal,Darjeeling,Tiger Hill,Sunrise Point,Unknown,1,4.5,0,No,None,Nature,Yes,All,,A scenic viewpoint famous for breathtaking sunrise views over Kanchenjunga and the Himalayan peaks.
216,Eastern,West Bengal,Siliguri,Jaldapara National Park,Wildlife Sanctuary,1941,3,4.4,250,Yes,None,Wildlife,Yes,All,,A renowned wildlife sanctuary known for the endangered one-horned rhinoceros and elephant safaris.
217,Eastern,West Bengal,Sundarbans,Sundarbans National Park,National Park,1984,4,4.4,60,No,None,Wildlife,Yes,All,,A UNESCO World Heritage Site famous for its mangrove forests and the elusive Royal Bengal Tiger.
218,Eastern,West Bengal,Digha,Digha Beach,Beach,Unknown,1.5,4.5,0,No,None,Recreational,Yes,Morning,,"A popular seaside destination offering sandy shores, calm waves, and stunning sunsets."
219,Eastern,West Bengal,Murshidabad,Hazarduari Palace,Palace,1837,1.5,4.5,10,Yes,Friday,Historical,Yes,Morning,,A magnificent palace museum famed for its thousand doors and rich collection of royal artifacts.
220,Eastern,West Bengal,Bolpur,Kankalitala Temple,Temple,Unknown,0.5,4.7,0,Yes,None,Religious,No,All,,A revered Shakti Peetha attracting devotees with its deep spiritual and religious significance.
221,Eastern,West Bengal,Hooghly,Hangseswari Temple,Temple,1814,0.5,4.6,0,Yes,None,Architectural,No,All,,A unique temple celebrated for its distinctive lotus-shaped towers and spiritual ambiance.
222,Eastern,West Bengal,Jalpaiguri,Gorumara National Park,National Park,1949,3,4.4,100,Yes,None,Wildlife,Yes,All,,"A scenic wildlife reserve known for Indian rhinoceroses, elephants, and lush forests."
223,Eastern,West Bengal,Cooch Behar,Cooch Behar Palace,Palace,1887,1,4.5,20,Yes,Friday,Historical,Yes,All,,"A grand royal palace inspired by European architecture, reflecting Bengal's regal heritage."
224,Eastern,West Bengal,Purulia,Ayodhya Hills,Hill,Unknown,2.5,4.5,0,No,None,Nature,Yes,All,,"A picturesque hill range offering waterfalls, trekking trails, and scenic natural landscapes."
225,Eastern,Odisha,Puri,Jagannath Temple,Temple,12th century,2,4.7,0,Yes,None,Religious,No,All,,"One of India's most sacred Hindu temples, renowned for the annual Rath Yatra festival."
226,Eastern,Odisha,Konark,Sun Temple,Temple,1250,1.5,4.7,40,Yes,None,Historical,Yes,All,,A UNESCO World Heritage Site famed for its magnificent stone chariot architecture and intricate carvings.
227,Eastern,Odisha,Bhubaneswar,Lingaraj Temple,Temple,11th century,1,4.6,0,Yes,None,Religious,No,All,,A magnificent ancient temple dedicated to Lord Shiva and a masterpiece of Kalinga architecture.
228,Eastern,Odisha,Rourkela,Khandadhar Waterfall,Waterfall,Unknown,1.5,4.5,0,No,None,Nature,Yes,All,,"Odisha's highest waterfall, cascading dramatically amidst dense forests and rocky cliffs."
229,Eastern,Odisha,Cuttack,Barabati Fort,Fort,-987,1,4.5,0,Yes,None,Historical,Yes,All,,A historic medieval fort showcasing the glorious heritage of the Ganga dynasty.
230,Eastern,Odisha,Sambalpur,Hirakud Dam,Dam,1957,1,4.5,0,No,None,Engineering Marvel,Yes,All,,"One of the world's longest earthen dams, surrounded by scenic reservoirs and wildlife."
231,Eastern,Odisha,Chilika,Chilika Lake,Lake,Unknown,2,3.9,0,Yes,None,Nature,Yes,Morning,,"Asia's largest brackish water lagoon, famous for migratory birds and Irrawaddy dolphins."
232,Eastern,Odisha,Berhampur,Tara Tarini Temple,Temple,Ancient,1,4.6,0,Yes,None,Religious,No,All,,"A revered hilltop temple dedicated to Goddess Tara and Goddess Tarini, overlooking the Rushikulya River."
233,Eastern,Odisha,Keonjhar,Badaghagara Waterfall,Waterfall,Unknown,1,4.3,0,No,None,Nature,Yes,Morning,,"A picturesque waterfall surrounded by lush forests, ideal for nature lovers and photographers."
234,Eastern,Odisha,Balasore,Chandipur Beach,Beach,Unknown,1.5,4.2,0,Yes,None,Recreational,Yes,Morning,,"A unique beach where the sea recedes several kilometers during low tide, revealing the seabed."
235,Eastern,Odisha,Kendujhar,Sanaghagara Waterfall,Waterfall,Unknown,1,4.4,0,No,None,Nature,Yes,All,,"A serene waterfall nestled amidst forests, offering a peaceful retreat into nature."
236,Southern,Tamil Nadu,Chennai,Marina Beach,Beach,Unknown,1.5,3.9,0,Yes,None,Recreational,Yes,Morning,,"One of the world's longest urban beaches, renowned for its lively promenade and scenic coastline."
237,Southern,Tamil Nadu,Madurai,Meenakshi Amman Temple,Temple,6th century AD,2,4.7,0,Yes,None,Religious,No,All,,"A magnificent temple celebrated for its colorful gopurams, intricate sculptures, and spiritual significance."
238,Southern,Tamil Nadu,Rameswaram,Ramanathaswamy Temple,Temple,12th century,1.5,4.6,0,No,None,Religious,No,All,,"One of the sacred Char Dham pilgrimage sites, renowned for its magnificent corridors and Dravidian architecture."
239,Southern,Tamil Nadu,Kanyakumari,Vivekananda Rock Memorial,Memorial,1970,1,4.6,20,Yes,None,Historical,No,Morning,,A revered monument built on a rocky island where Swami Vivekananda meditated before his spiritual journey.
240,Southern,Tamil Nadu,Ooty,Ooty Lake,Lake,1824,1,4.1,10,Yes,None,Recreational,Yes,Morning,,"A picturesque artificial lake offering boating, scenic beauty, and family-friendly recreation"
241,Southern,Tamil Nadu,Coimbatore,Marudamalai Temple,Temple,12th century,1,4.7,0,Yes,None,Religious,No,All,,"A renowned hilltop temple dedicated to Lord Murugan, offering panoramic views and spiritual serenity."
242,Southern,Tamil Nadu,Kodaikanal,Kodaikanal Lake,Lake,1863,2,3.9,0,No,None,Recreational,Yes,Morning,,"A star-shaped lake surrounded by lush greenery, ideal for boating and leisurely walks."
243,Southern,Tamil Nadu,Thanjavur,Brihadeeswarar Temple,Temple,110,1.5,4.8,0,Yes,None,Religious,No,All,,A UNESCO World Heritage temple showcasing the grandeur of Chola architecture and engineering.
244,Southern,Tamil Nadu,Mahabalipuram,Shore Temple,Temple,7th century,1,4.6,40,Yes,None,Historical,No,All,,"A UNESCO-listed seaside temple complex overlooking the Bay of Bengal, built during the Pallava dynasty."
245,Southern,Tamil Nadu,Yercaud,Yercaud Lake,Lake,Unknown,1,4.2,0,No,None,Recreational,Yes,Morning,,"A tranquil lake nestled amidst hills, offering boating and peaceful natural surroundings."
246,Southern,Tamil Nadu,Tirunelveli,Nellaiappar Temple,Temple,7th century,1,4.6,0,Yes,None,Religious,No,All,,"A magnificent twin temple complex dedicated to Lord Shiva and Goddess Parvati, renowned for its musical pillars."
247,Southern,Tamil Nadu,Chidambaram,Nataraja Temple,Temple,10th century,1,4.7,0,Yes,None,Religious,No,All,,A sacred temple in Chidambaram celebrating Lord Shiva's cosmic dance through remarkable architecture.
248,Southern,Andhra Pradesh,Vijayawada,Kanaka Durga Temple,Temple,Unknown,1,4.7,0,Yes,None,Religious,No,All,,"A revered hilltop temple dedicated to Goddess Durga, overlooking the Krishna River."
249,Southern,Andhra Pradesh,Visakhapatnam,Rishikonda Beach,Beach,Unknown,1.5,4.5,0,Yes,None,Recreational,Yes,Morning,,"A pristine beach known for golden sands, water sports, and breathtaking coastal views."
250,Southern,Andhra Pradesh,Srisailam,Mallikarjuna Swamy Temple,Temple,14th century,1,4.7,0,No,None,Religious,No,All,,"One of the twelve sacred Jyotirlingas, nestled amidst the scenic Nallamala Hills."
251,Southern,Andhra Pradesh,Rajahmundry,Papikondalu,Hill,Unknown,2,4.3,0,Yes,None,Nature,Yes,All,,"A breathtaking river gorge along the Godavari River, renowned for its lush hills and scenic boat cruises."
252,Southern,Andhra Pradesh,Anantapur,Lepakshi,Site,16th century,1.5,4.6,0,No,None,Historical,Yes,All,,A historic temple town famous for its hanging pillar and exquisite Vijayanagara-era architecture.
253,Southern,Andhra Pradesh,Kurnool,Belum Caves,Cave,Unknown,1.5,4.4,65,Yes,None,Natural Wonder,Yes,Afternoon,,"India's second-longest natural cave system, featuring stunning limestone formations and underground passages."
254,Southern,Andhra Pradesh,Amravati,Amaravathi Temple,Temple,Unknown,1,4.7,0,Yes,None,Religious,No,All,,A revered temple and historic Buddhist site reflecting Andhra Pradesh's rich spiritual heritage.
255,Southern,Andhra Pradesh,Guntur,Uppalapadu Bird Sanctuary,Bird Sanctuary,Unknown,1,4.4,10,Yes,None,Wildlife,Yes,All,,"A thriving bird sanctuary attracting thousands of migratory pelicans, storks, and other waterbirds."
256,Southern,Andhra Pradesh,Kadapa,Gandikota Fort,Fort,12th century,1.5,4.5,0,No,None,Historical,Yes,Morning,,"A majestic hilltop fort overlooking the dramatic Pennar River gorge, known as India's Grand Canyon."
257,Southern,Andhra Pradesh,Puttaparthi,Prasanthi Nilayam,Spiritual Center,1950,1,4.7,0,Yes,None,Religious,Yes,All,,"The spiritual headquarters of Sri Sathya Sai Baba, welcoming devotees from around the world."
258,Southern,Andhra Pradesh,Vizianagaram,Simhachalam Temple,Temple,198,1,4.7,0,Yes,None,Religious,No,All,,"A revered hilltop temple dedicated to Lord Narasimha, blending Chola and Kalinga architectural styles."
259,Southern,Andhra Pradesh,Visakhapatnam,Kailasagiri,Hill,Unknown,2,4.5,0,Yes,None,Recreational,Yes,All,,"A scenic hill park offering panoramic city views, gardens, ropeway rides, and giant Shiva-Parvati statues."
260,Southern,Andhra Pradesh,Visakhapatnam,Submarine Museum,Museum,22,1,4.6,40,Yes,None,Historical,Yes,All,,"A unique museum housed inside a decommissioned submarine, showcasing India's naval heritage."
261,Southern,Andhra Pradesh,Visakhapatnam,Borra Caves,Cave,Unknown,2,4.5,60,No,None,Natural Wonder,Yes,Afternoon,,"Spectacular limestone caves featuring remarkable stalactites, stalagmites, and natural rock formations."
262,Southern,Andhra Pradesh,Visakhapatnam,War Memorial,War Memorial,Unknown,1,4.6,0,Yes,None,Historical,Yes,All,,A commemorative monument honoring the courage and sacrifice of India's armed forces.
263,Southern,Andhra Pradesh,Visakhapatnam,Indira Gandhi Zoological Park,Zoo,1977,2,4.1,20,Yes,Monday,Wildlife,Yes,Afternoon,,A sprawling zoological park featuring diverse wildlife amidst the scenic Eastern Ghats.
264,Southern,Andhra Pradesh,Visakhapatnam,Matsyadarshini Aquarium,Aquarium,Unknown,1,3.8,20,Yes,None,Recreational,Yes,All,,A popular aquarium displaying colorful marine and freshwater species through engaging exhibits.
265,Southern,Andhra Pradesh,Visakhapatnam,Visakha Museum,Museum,1991,1,4.3,10,Yes,None,Cultural,Yes,All,,"A heritage museum preserving Visakhapatnam's maritime, cultural, and historical legacy."
266,Eastern,Sikkim,Gangtok,Nathula Pass,Hill,Unknown,2,4.3,20,Yes,None,Historical,Yes,Afternoon,,"A historic Himalayan mountain pass connecting India and Tibet, known for breathtaking landscapes."
267,Eastern,Sikkim,Pelling,Pemayangtse Monastery,Monastery,1705,1,4.6,20,No,None,Religious,No,Morning,,"One of Sikkim's oldest monasteries, renowned for its exquisite Buddhist artwork and peaceful ambiance."
268,Eastern,Sikkim,Namchi,Char Dham,Religious Complex,211,2,4.7,50,Yes,None,Religious,No,All,,"A sacred pilgrimage circuit comprising Yamunotri, Gangotri, Kedarnath, and Badrinath in the Himalayas."
269,Eastern,Sikkim,Gangtok,Rumtek Monastery,Monastery,1960s,1,4.6,10,Yes,None,Religious,No,Morning,,"Sikkim's largest monastery, celebrated for its stunning Tibetan architecture and spiritual significance."
270,Eastern,Sikkim,Ravangla,Buddha Park,Park,213,1,4.8,50,Yes,None,Cultural,Yes,All,,A beautifully landscaped park featuring a towering Buddha statue amidst serene mountain surroundings.
271,Eastern,Sikkim,Gangtok,Baba Harbhajan Singh Temple,Temple,1967,1,4.7,0,Yes,None,Religious,No,All,,A unique shrine honoring an Indian Army soldier revered as the guardian spirit of the border region.
272,Eastern,Sikkim,Gangtok,Tsomgo Lake,Lake,Unknown,2,4.5,0,Yes,None,Nature,Yes,Morning,,A stunning glacial lake surrounded by snow-capped mountains and breathtaking alpine scenery.
273,North Eastern,Assam,Guwahati,Kamakhya Temple,Temple,Unknown,2,4.6,0,Yes,None,Religious,No,All,,"One of India's most revered Shakti Peethas, dedicated to Goddess Kamakhya atop Nilachal Hill."
274,North Eastern,Assam,Kaziranga,Kaziranga National Park,National Park,1905,3,4.5,650,No,None,Wildlife,No,Morning,,A UNESCO World Heritage Site famous for its thriving population of one-horned rhinoceroses.
275,North Eastern,Assam,Guwahati,Umananda Island,Island,Unknown,1,4.1,0,Yes,None,Nature,Yes,Morning,,"The world's smallest inhabited river island, home to a revered Shiva temple on the Brahmaputra River."
276,North Eastern,Assam,Sivasagar,Sivasagar Sivadol,Temple,1734,1,4.7,0,No,None,Historical,Yes,All,,An impressive Shiva temple complex showcasing the grandeur of Ahom architecture.
277,North Eastern,Assam,Majuli,Majuli Island,River Island,Unknown,2,4.7,0,No,None,Cultural,Yes,Morning,,"The world's largest inhabited river island, renowned for its Vaishnavite monasteries and vibrant culture."
278,North Eastern,Assam,Manas,Manas National Park,National Park,1990,3,4.6,500,No,None,Wildlife,Yes,Morning,,"A UNESCO World Heritage Site celebrated for its pristine forests, rare wildlife, and scenic beauty."
279,North Eastern,Assam,Hajo,Hayagriva Madhava Temple,Temple,Unknown,1,4.5,0,No,None,Religious,Yes,All,,A revered hilltop temple blending Hindu and Buddhist traditions in a serene setting.
280,North Eastern,Assam,Guwahati,Pobitora Wildlife Sanctuary,Wildlife Sanctuary,1987,2,4.4,500,Yes,None,Wildlife,Yes,All,,A compact sanctuary renowned for its exceptionally high density of one-horned rhinoceroses.
281,North Eastern,Arunachal Pradesh,Tawang,Tawang Monastery,Monastery,1680,2,4.7,0,No,None,Religious,No,Morning,,"India's largest monastery, offering breathtaking Himalayan views and rich Tibetan Buddhist heritage."
282,North Eastern,Tripura,Agartala,Ujjayanta Palace,Palace,1901,1.5,4.5,10,Yes,Monday,Historical,Yes,All,,"A magnificent royal palace showcasing Tripura's history, culture, and architectural elegance."
283,North Eastern,Tripura,Dumboor,Dumboor Lake,Lake,Unknown,1,4.5,0,No,None,Nature,Yes,Morning,,"A tranquil lake dotted with islands, popular for boating, birdwatching, and scenic beauty."
284,North Eastern,Tripura,Unakoti,Unakoti Rock Carvings,Rock Carvings,700,1.5,4.5,20,No,None,Historical,Yes,Morning,,An extraordinary archaeological site featuring massive rock-cut sculptures and ancient Hindu carvings.
285,Central,Chhattisgarh,Bastar,Chitrakote Falls,Waterfall,Unknown,1.5,4.6,0,No,None,Nature,Yes,Morning,,"India's widest waterfall, admired for its horseshoe-shaped cascade and spectacular monsoon views."
286,North Eastern,Nagaland,Dz√ºkou Valley,Dz√ºkou Valley,Valley,Unknown,3,4.7,0,No,None,Trekking,Yes,Afternoon,,A breathtaking valley famous for rolling green hills and vibrant seasonal wildflowers.
287,Southern,Puducherry,Puducherry,Promenade Beach,Beach,Unknown,1,4.5,0,Yes,None,Recreational,Yes,Morning,,A charming waterfront promenade ideal for leisurely walks and stunning sunrise views.
288,Southern,Puducherry,Auroville,Auroville,Township,1968,2,4.1,0,Yes,None,Cultural,Yes,All,,"An experimental international township promoting peace, sustainable living, and human unity."
289,Southern,Puducherry,Puducherry,Paradise Beach,Beach,Unknown,1,4.5,200,Yes,None,Recreational,Yes,Morning,,"A pristine sandy beach accessible by boat, known for its crystal-clear waters and tranquility."
290,Southern,Andaman and Nicobar Islands,Port Blair,Cellular Jail,Landmark,1906,1.5,4.7,30,Yes,Monday,Historical,Yes,Afternoon,,A historic colonial prison preserving the legacy of India's freedom struggle in the Andaman Islands.
291,Southern,Andaman and Nicobar Islands,Havelock Island,Radhanagar Beach,Beach,Unknown,1,4.8,0,No,None,Nature,Yes,Morning,,"One of Asia's finest beaches, renowned for pristine white sands and turquoise waters."
292,Southern,Andaman and Nicobar Islands,Neil Island,Bharatpur Beach,Beach,Unknown,1,4.5,0,No,None,Nature,Yes,Morning,,"A serene island beach famous for shallow waters, snorkeling, and vibrant coral reefs."
293,Southern,Andaman and Nicobar Islands,Baratang Island,Limestone Caves,Natural Feature,Unknown,1.5,4.4,250,No,None,Nature,Yes,Morning,,Spectacular natural caves showcasing fascinating limestone formations created over thousands of years.
294,Western,Daman and Diu,Diu,Naida Caves,Cave,Unknown,1,4.5,0,No,None,Nature,Yes,Afternoon,,Unique rock formations and interconnected caves known for their natural beauty and historical significance.
295,Western,Daman and Diu,Diu,Diu Fort,Fort,1535,1.5,4.6,0,No,None,Historical,Yes,Afternoon,,"A majestic Portuguese fort overlooking the Arabian Sea, reflecting centuries of colonial heritage."
296,Eastern,Jharkhand,Deoghar,Baba Baidyanath Temple,Temple,Unknown,1,4.7,0,Yes,None,Religious,Yes,All,,"One of the twelve sacred Jyotirlingas, attracting millions of pilgrims every year."
297,Eastern,Jharkhand,Ranchi,Pahari Mandir,Temple,Unknown,1,4.6,0,Yes,None,Religious,Yes,All,,"A hilltop temple dedicated to Lord Shiva, offering panoramic views of Ranchi city."
298,Eastern,Bihar,Bodh Gaya,Mahabodhi Temple,Temple,-260,1.5,4.7,0,Yes,None,Religious,Yes,All,,A UNESCO World Heritage Site marking the place where Lord Buddha attained enlightenment.
299,Eastern,Bihar,Patna,Sanjay Gandhi Biological Park,Zoo,Unknown,2.5,4.3,30,Yes,None,Wildlife,Yes,All,,A renowned zoological park and botanical garden featuring diverse wildlife and lush greenery.
300,Eastern,Bihar,Patna,Takhat Shri Harimandir Ji Patna Sahib,Gurudwara,Unknown,1,4.7,0,Yes,None,Religious,Yes,All,,One of Sikhism's five Takhts and the birthplace of Guru Gobind Singh Ji.
301,Eastern,Bihar,Patna,Budhha Smriti Park,Park,Unknown,1,4.4,10,Yes,None,Cultural,Yes,All,,A peaceful park commemorating Lord Buddha with meditation spaces and sacred relics.
302,Northern,Haryana,Gurugram,Kingdom of Dreams,Entertainment,2010,3,4.4,1100,Yes,Monday,Entertainment,Yes,Afternoon,,"A premier live entertainment destination showcasing India's culture, theatre, and cuisine."
303,Northern,Haryana,Gurugram,Ambience Mall,Mall,Unknown,2,4.6,0,Yes,None,Shopping,Yes,Afternoon,,"One of India's largest shopping destinations featuring premium brands, dining, and entertainment."
304,Northern,Haryana,Gurugram,DLF CyberHub,Commercial Complex,Unknown,2,4.7,0,Yes,None,Entertainment,Yes,Afternoon,,"A vibrant lifestyle hub offering world-class restaurants, cafÈs, nightlife, and live events."
305,Northern,Delhi,New Delhi,Gurudwara Bangla Sahib,Gurudwara,Unknown,1,4.8,0,Yes,None,Religious,Yes,All,,"A prominent Sikh shrine renowned for its golden dome, sacred pond, and community kitchen."
306,Northern,Uttarakhand,Kedarnath,Kedarnath,Temple,Unknown,1.5,4.8,0,No,None,Religious,No,All,,"One of the holiest Shiva temples, nestled amidst the majestic Garhwal Himalayas."
307,Central,Uttar Pradesh,Noida,DLF Mall of India,Mall,2016,2,4.6,0,Yes,None,Shopping,Yes,All,,"One of India's largest malls, offering extensive shopping, dining, and entertainment experiences."
308,Central,Uttar Pradesh,Greater Noida,The Grand Venice Mall,Mall,Unknown,2,4.2,0,Yes,None,Shopping,Yes,All,,"A unique shopping mall inspired by Venice, featuring indoor canals and gondola rides."
309,Southern,Karnataka,Bengaluru,Wonderla Amusement Park,Amusement Park,2005,4,4.5,890,Yes,None,Entertainment,Yes,All,,"A leading amusement park featuring thrilling rides, water attractions, and family entertainment."
310,Eastern,Odisha,Bhubaneswar,Nandankanan Zoological Park,Zoo,1960,3,4.4,50,Yes,Monday,Wildlife,Yes,Afternoon,,A renowned zoo and botanical garden famous for white tigers and safari experiences.
311,Southern,Karnataka,Bengaluru,Orion Mall,Mall,2012,2,4.5,0,Yes,None,Shopping,Yes,All,,"A modern shopping destination featuring premium retail stores, restaurants, and multiplex cinemas."
312,Southern,Telangana,Hyderabad,Inorbit Mall Cyberabad,Mall,2004,2,4.5,0,Yes,None,Shopping,Yes,All,,A popular shopping and entertainment hub in Hyderabad offering diverse retail and dining options.
313,Northern,Delhi,New Delhi,Jama Masjid,Mosque,1656,1,4.5,0,Yes,None,Historical,Yes,All,,"One of India's largest mosques, celebrated for its magnificent Mughal architecture and historical significance."
314,Southern,Tamil Nadu,Rameswaram,Ramanathaswamy Temple,Temple,Unknown,1.5,4.7,0,Yes,None,Religious,No,All,,"One of the sacred Char Dham pilgrimage sites, renowned for its magnificent corridors and Dravidian architecture."
315,Central,Uttar Pradesh,Greater Noida,Buddh International Circuit,Race Track,2011,2,4.6,1500,Yes,Sunday,Sports,Yes,All,,India's premier Formula racing circuit hosting world-class motorsport events and experiences.
316,Central,Uttar Pradesh,Lucknow,Phoenix Palassio,Mall,2020,2,4.6,0,Yes,None,Shopping,Yes,All,,"A premium shopping mall in Lucknow featuring luxury brands, entertainment, and fine dining."
317,Southern,Kerala,Kochi,LuLu International Shopping Mall,Mall,2013,3,4.6,0,Yes,None,Shopping,Yes,All,,"One of India's largest shopping malls offering global brands, entertainment, and family attractions."
318,Northern,Delhi,New Delhi,Rail Museum,Museum,1977,2,4.4,50,Yes,Monday,Cultural,Yes,Morning,,An engaging museum showcasing India's railway heritage through vintage locomotives and interactive exhibits.
319,North Eastern,Meghalaya,Cherrapunji,Living Root Bridge,Natural Feature,Unknown,2,4.6,0,No,None,Nature,Yes,Morning,,"A remarkable natural bridge formed by living tree roots, showcasing Meghalaya's unique bioengineering tradition."
320,Western,Gujarat,Gandhinagar,Akshardham,Temple,1992,3,4.6,0,Yes,Monday,Religious,No,All,,"A magnificent Hindu temple complex celebrated for intricate carvings, exhibitions, and spectacular fountain shows."
321,Central,Uttar Pradesh,Agra,Agra Fort,Fort,1565,2,4.5,40,Yes,None,Historical,Yes,Afternoon,,"A UNESCO World Heritage fortress showcasing magnificent Mughal palaces, courtyards, and royal history."
322,Central,Madhya Pradesh,Bhopal,Madhya Pradesh Tribal Museum,Museum,2013,2,4.7,10,Yes,Monday,Cultural,Yes,All,,"A fascinating museum celebrating the art, culture, and traditions of Madhya Pradesh's tribal communities."
323,Northern,Rajasthan,Jaipur,City Palace,Palace,1727,2,4.4,200,Yes,None,Historical,Yes,Morning,,"A magnificent royal palace showcasing regal architecture, museums, and the rich heritage of Jaipur."
324,Northern,Rajasthan,Jaipur,Albert Hall Museum,Museum,1887,2,4.5,200,Yes,None,Historical,Yes,All,,"Rajasthan's oldest museum, renowned for its Indo-Saracenic architecture and diverse historical collections."
